timestamp,customer_id,customer_name,amount,failure_reason,customer_tier,failure_class,action_taken,variant,reasoning,outcome,exec_log,executed_at,failed_at,msg_english,msg_hinglish
2026-08-26T15:45:39,CUST1042,Arjun Kapoor,10455.09,expired_card,high,non_retryable_send_link,send_payment_update,N/A,"Card expired → sending payment-update link (tier=high, retry_count=2)",success,"[MOCK SMS] Payment-update link sent to CUST1042 (Arjun Kapoor) ₹10,455.09 — delivery confirmed",2026-08-26T15:45:39,2026-07-14T21:40:54,"Hi Arjun Kapoor, your saved card has expired and a payment of ₹10,455.09 could not be collected. Please update your payment method using this secure link: https://pay.razorpay.com/update?cid=MOCK&amount=10455","Namaste Arjun Kapoor! Aapka card expire ho gaya hai aur ₹10,455.09 ka payment collect nahi ho paya. Apna payment method update karne ke liye yeh link use karein: https://pay.razorpay.com/update?cid=MOCK&amount=10455"
2026-08-26T15:45:39,CUST1034,Bhavna Patel,2160.35,card_declined,low,retryable,immediate_retry,B,"Low-tier retryable — first attempt, variant=B (urgency-framed message)",success,"[MOCK API] Retry payment for CUST1034 (Bhavna Patel) ₹2,160.35 — ✓ APPROVED",2026-08-26T15:45:39,2026-08-24T16:10:03,"⚡ Urgent: Bhavna Patel, your ₹2,160.35 payment failed! We're retrying right now. Please ensure your card/account is ready. Act within 2 hours to avoid service interruption.","⚡ Urgent! Bhavna Patel ji, aapka ₹2,160.35 ka payment fail ho gaya hai! Hum abhi retry kar rahe hain — 2 ghante mein apna account check karein, warna service band ho sakti hai."
2026-08-26T15:45:39,CUST1011,Mohit Malhotra,5200.63,bank_timeout,high,retryable,immediate_retry,N/A,"High-tier customer (₹5,200.63) — first auto-attempt, then escalate to human if it fails again",success,"[MOCK API] Retry payment for CUST1011 (Mohit Malhotra) ₹5,200.63 — ✓ APPROVED",2026-08-26T15:45:39,2026-08-06T22:20:13,"Hi Mohit Malhotra, we noticed your payment of ₹5,200.63 could not be processed due to bank timeout. We will automatically retry your payment shortly. No action needed from your end.","Namaste Mohit Malhotra! Aapka ₹5,200.63 ka payment bank timeout ki wajah se process nahi ho paya. Hum jaldi hi dobara try karenge — aapko kuch bhi karne ki zaroorat nahi."
2026-08-26T15:45:39,CUST1056,Nikhil Shah,11646.02,expired_card,high,non_retryable_send_link,send_payment_update,N/A,"Card expired → sending payment-update link (tier=high, retry_count=0)",failed,"[MOCK SMS] Payment-update link sent to CUST1056 (Nikhil Shah) ₹11,646.02 — delivery failed (invalid number)",2026-08-26T15:45:39,2026-08-14T09:35:08,"Hi Nikhil Shah, your saved card has expired and a payment of ₹11,646.02 could not be collected. Please update your payment method using this secure link: https://pay.razorpay.com/update?cid=MOCK&amount=11646","Namaste Nikhil Shah! Aapka card expire ho gaya hai aur ₹11,646.02 ka payment collect nahi ho paya. Apna payment method update karne ke liye yeh link use karein: https://pay.razorpay.com/update?cid=MOCK&amount=11646"
2026-08-26T15:45:39,CUST1049,Simran Mehta,5187.99,insufficient_funds,high,retryable,immediate_retry,N/A,"High-tier customer (₹5,187.99) — first auto-attempt, then escalate to human if it fails again",success,"[MOCK API] Retry payment for CUST1049 (Simran Mehta) ₹5,187.99 — ✓ APPROVED",2026-08-26T15:45:39,2026-07-07T12:55:02,"Hi Simran Mehta, we noticed your payment of ₹5,187.99 could not be processed due to insufficient funds. We will automatically retry your payment shortly. No action needed from your end.","Namaste Simran Mehta! Aapka ₹5,187.99 ka payment insufficient funds ki wajah se process nahi ho paya. Hum jaldi hi dobara try karenge — aapko kuch bhi karne ki zaroorat nahi."
2026-08-26T15:45:39,CUST1047,Divya Mehta,6398.71,card_declined,high,retryable,immediate_retry,N/A,"High-tier customer (₹6,398.71) — first auto-attempt, then escalate to human if it fails again",success,"[MOCK API] Retry payment for CUST1047 (Divya Mehta) ₹6,398.71 — ✓ APPROVED",2026-08-26T15:45:39,2026-08-25T13:39:47,"Hi Divya Mehta, we noticed your payment of ₹6,398.71 could not be processed due to card declined. We will automatically retry your payment shortly. No action needed from your end.","Namaste Divya Mehta! Aapka ₹6,398.71 ka payment card declined ki wajah se process nahi ho paya. Hum jaldi hi dobara try karenge — aapko kuch bhi karne ki zaroorat nahi."
2026-08-26T15:45:39,CUST1055,Meera Reddy,7551.36,expired_card,high,non_retryable_send_link,send_payment_update,N/A,"Card expired → sending payment-update link (tier=high, retry_count=3)",success,"[MOCK SMS] Payment-update link sent to CUST1055 (Meera Reddy) ₹7,551.36 — delivery confirmed",2026-08-26T15:45:39,2026-07-22T19:20:42,"Hi Meera Reddy, your saved card has expired and a payment of ₹7,551.36 could not be collected. Please update your payment method using this secure link: https://pay.razorpay.com/update?cid=MOCK&amount=7551","Namaste Meera Reddy! Aapka card expire ho gaya hai aur ₹7,551.36 ka payment collect nahi ho paya. Apna payment method update karne ke liye yeh link use karein: https://pay.razorpay.com/update?cid=MOCK&amount=7551"
2026-08-26T15:45:39,CUST1070,Yash Agarwal,16242.23,card_declined,high,retryable,immediate_retry,N/A,"High-tier customer (₹16,242.23) — first auto-attempt, then escalate to human if it fails again",success,"[MOCK API] Retry payment for CUST1070 (Yash Agarwal) ₹16,242.23 — ✓ APPROVED",2026-08-26T15:45:39,2026-07-25T15:00:22,"Hi Yash Agarwal, we noticed your payment of ₹16,242.23 could not be processed due to card declined. We will automatically retry your payment shortly. No action needed from your end.","Namaste Yash Agarwal! Aapka ₹16,242.23 ka payment card declined ki wajah se process nahi ho paya. Hum jaldi hi dobara try karenge — aapko kuch bhi karne ki zaroorat nahi."
2026-08-26T15:45:39,CUST1002,Jaya Sharma,10193.59,card_declined,high,retryable,immediate_retry,N/A,"High-tier customer (₹10,193.59) — first auto-attempt, then escalate to human if it fails again",success,"[MOCK API] Retry payment for CUST1002 (Jaya Sharma) ₹10,193.59 — ✓ APPROVED",2026-08-26T15:45:39,2026-07-06T06:14:32,"Hi Jaya Sharma, we noticed your payment of ₹10,193.59 could not be processed due to card declined. We will automatically retry your payment shortly. No action needed from your end.","Namaste Jaya Sharma! Aapka ₹10,193.59 ka payment card declined ki wajah se process nahi ho paya. Hum jaldi hi dobara try karenge — aapko kuch bhi karne ki zaroorat nahi."
2026-08-26T15:45:39,CUST9006,Ananya Malhotra,0.0,card_declined,low,invalid_data,skip_invalid_data,N/A,Invalid data: zero or negative amount — hard skip,skipped,[SKIP]    CUST9006 (Ananya Malhotra) — Invalid data: zero or negative amount — hard skip,2026-08-26T15:45:39,2026-07-02T23:34:03,Recovery attempt skipped for Ananya Malhotra (₹0.00) — amount below recovery cost threshold after multiple retries.,Ananya Malhotra ji ka recovery attempt skip kiya gaya — amount ₹0.00 itna kam hai ki retry ki cost justify nahi hoti.
2026-08-26T15:45:39,CUST1066,Kavya Nair,17581.8,bank_timeout,high,retryable,immediate_retry,N/A,"High-tier customer (₹17,581.80) — first auto-attempt, then escalate to human if it fails again",failed,"[MOCK API] Retry payment for CUST1066 (Kavya Nair) ₹17,581.80 — ✗ DECLINED again",2026-08-26T15:45:39,2026-07-31T14:16:48,"Hi Kavya Nair, we noticed your payment of ₹17,581.80 could not be processed due to bank timeout. We will automatically retry your payment shortly. No action needed from your end.","Namaste Kavya Nair! Aapka ₹17,581.80 ka payment bank timeout ki wajah se process nahi ho paya. Hum jaldi hi dobara try karenge — aapko kuch bhi karne ki zaroorat nahi."
2026-08-26T15:45:39,CUST1053,Tanya Pillai,6284.06,bank_timeout,high,retryable,immediate_retry,N/A,"High-tier customer (₹6,284.06) — first auto-attempt, then escalate to human if it fails again",success,"[MOCK API] Retry payment for CUST1053 (Tanya Pillai) ₹6,284.06 — ✓ APPROVED",2026-08-26T15:45:39,2026-07-28T19:32:07,"Hi Tanya Pillai, we noticed your payment of ₹6,284.06 could not be processed due to bank timeout. We will automatically retry your payment shortly. No action needed from your end.","Namaste Tanya Pillai! Aapka ₹6,284.06 ka payment bank timeout ki wajah se process nahi ho paya. Hum jaldi hi dobara try karenge — aapko kuch bhi karne ki zaroorat nahi."
2026-08-26T15:45:39,CUST1010,Rahul Rao,12006.09,insufficient_funds,high,retryable,immediate_retry,N/A,"High-tier customer (₹12,006.09) — first auto-attempt, then escalate to human if it fails again",success,"[MOCK API] Retry payment for CUST1010 (Rahul Rao) ₹12,006.09 — ✓ APPROVED",2026-08-26T15:45:39,2026-08-19T01:14:52,"Hi Rahul Rao, we noticed your payment of ₹12,006.09 could not be processed due to insufficient funds. We will automatically retry your payment shortly. No action needed from your end.","Namaste Rahul Rao! Aapka ₹12,006.09 ka payment insufficient funds ki wajah se process nahi ho paya. Hum jaldi hi dobara try karenge — aapko kuch bhi karne ki zaroorat nahi."
2026-08-26T15:45:39,CUST1029,Vikram Chaudhary,3545.32,bank_timeout,low,retryable,immediate_retry,B,"Low-tier retryable — first attempt, variant=B (urgency-framed message)",success,"[MOCK API] Retry payment for CUST1029 (Vikram Chaudhary) ₹3,545.32 — ✓ APPROVED",2026-08-26T15:45:39,2026-07-30T07:55:59,"⚡ Urgent: Vikram Chaudhary, your ₹3,545.32 payment failed! We're retrying right now. Please ensure your card/account is ready. Act within 2 hours to avoid service interruption.","⚡ Urgent! Vikram Chaudhary ji, aapka ₹3,545.32 ka payment fail ho gaya hai! Hum abhi retry kar rahe hain — 2 ghante mein apna account check karein, warna service band ho sakti hai."
2026-08-26T15:45:39,CUST1019,Kavya Pillai,1384.1,bank_timeout,low,retryable,immediate_retry,A,"Low-tier retryable — first attempt, variant=A (standard message)",failed,"[MOCK API] Retry payment for CUST1019 (Kavya Pillai) ₹1,384.10 — ✗ DECLINED again",2026-08-26T15:45:39,2026-08-23T09:15:03,"Hi Kavya Pillai, we noticed your payment of ₹1,384.10 could not be processed due to bank timeout. We will automatically retry your payment shortly. No action needed from your end.","Namaste Kavya Pillai! Aapka ₹1,384.10 ka payment bank timeout ki wajah se process nahi ho paya. Hum jaldi hi dobara try karenge — aapko kuch bhi karne ki zaroorat nahi."
2026-08-26T15:45:39,CUST1058,Aman Chaudhary,5461.56,expired_card,high,non_retryable_send_link,send_payment_update,N/A,"Card expired → sending payment-update link (tier=high, retry_count=1)",success,"[MOCK SMS] Payment-update link sent to CUST1058 (Aman Chaudhary) ₹5,461.56 — delivery confirmed",2026-08-26T15:45:39,2026-08-07T19:41:20,"Hi Aman Chaudhary, your saved card has expired and a payment of ₹5,461.56 could not be collected. Please update your payment method using this secure link: https://pay.razorpay.com/update?cid=MOCK&amount=5461","Namaste Aman Chaudhary! Aapka card expire ho gaya hai aur ₹5,461.56 ka payment collect nahi ho paya. Apna payment method update karne ke liye yeh link use karein: https://pay.razorpay.com/update?cid=MOCK&amount=5461"
2026-08-26T15:45:39,CUST1057,Gaurav Sharma,11856.64,bank_timeout,high,retryable,immediate_retry,N/A,"High-tier customer (₹11,856.64) — first auto-attempt, then escalate to human if it fails again",success,"[MOCK API] Retry payment for CUST1057 (Gaurav Sharma) ₹11,856.64 — ✓ APPROVED",2026-08-26T15:45:39,2026-08-09T18:19:25,"Hi Gaurav Sharma, we noticed your payment of ₹11,856.64 could not be processed due to bank timeout. We will automatically retry your payment shortly. No action needed from your end.","Namaste Gaurav Sharma! Aapka ₹11,856.64 ka payment bank timeout ki wajah se process nahi ho paya. Hum jaldi hi dobara try karenge — aapko kuch bhi karne ki zaroorat nahi."
2026-08-26T15:45:39,CUST1050,Nisha Joshi,15090.9,insufficient_funds,high,retryable,immediate_retry,N/A,"High-tier customer (₹15,090.90) — first auto-attempt, then escalate to human if it fails again",success,"[MOCK API] Retry payment for CUST1050 (Nisha Joshi) ₹15,090.90 — ✓ APPROVED",2026-08-26T15:45:39,2026-07-20T07:14:01,"Hi Nisha Joshi, we noticed your payment of ₹15,090.90 could not be processed due to insufficient funds. We will automatically retry your payment shortly. No action needed from your end.","Namaste Nisha Joshi! Aapka ₹15,090.90 ka payment insufficient funds ki wajah se process nahi ho paya. Hum jaldi hi dobara try karenge — aapko kuch bhi karne ki zaroorat nahi."
2026-08-26T15:45:39,CUST1018,Jaya Rao,3703.81,insufficient_funds,low,retryable,immediate_retry,B,"Low-tier retryable — first attempt, variant=B (urgency-framed message)",success,"[MOCK API] Retry payment for CUST1018 (Jaya Rao) ₹3,703.81 — ✓ APPROVED",2026-08-26T15:45:39,2026-08-04T16:58:00,"⚡ Urgent: Jaya Rao, your ₹3,703.81 payment failed! We're retrying right now. Please ensure your card/account is ready. Act within 2 hours to avoid service interruption.","⚡ Urgent! Jaya Rao ji, aapka ₹3,703.81 ka payment fail ho gaya hai! Hum abhi retry kar rahe hain — 2 ghante mein apna account check karein, warna service band ho sakti hai."
2026-08-26T15:45:39,CUST1009,Tanya Nair,10534.46,card_declined,high,retryable,immediate_retry,N/A,"High-tier customer (₹10,534.46) — first auto-attempt, then escalate to human if it fails again",success,"[MOCK API] Retry payment for CUST1009 (Tanya Nair) ₹10,534.46 — ✓ APPROVED",2026-08-26T15:45:39,2026-08-16T07:10:29,"Hi Tanya Nair, we noticed your payment of ₹10,534.46 could not be processed due to card declined. We will automatically retry your payment shortly. No action needed from your end.","Namaste Tanya Nair! Aapka ₹10,534.46 ka payment card declined ki wajah se process nahi ho paya. Hum jaldi hi dobara try karenge — aapko kuch bhi karne ki zaroorat nahi."
2026-08-26T15:45:39,CUST9005,Rohan Agarwal,12000.0,duplicate_charge,high,non_retryable_skip,skip_non_retryable,N/A,Non-retryable (duplicate_charge) — logged and skipped per policy,skipped,[SKIP]    CUST9005 (Rohan Agarwal) — Non-retryable (duplicate_charge) — logged and skipped per policy,2026-08-26T15:45:39,2026-07-18T13:16:53,"No action taken for Rohan Agarwal (₹12,000.00) — duplicate charge detected.",Rohan Agarwal ji ke liye koi action nahi liya — duplicate charge detect hua hai.
2026-08-26T15:45:39,CUST1006,Krish Iyer,21206.26,card_declined,high,retryable,immediate_retry,N/A,"High-tier customer (₹21,206.26) — first auto-attempt, then escalate to human if it fails again",failed,"[MOCK API] Retry payment for CUST1006 (Krish Iyer) ₹21,206.26 — ✗ DECLINED again",2026-08-26T15:45:39,2026-08-05T09:53:40,"Hi Krish Iyer, we noticed your payment of ₹21,206.26 could not be processed due to card declined. We will automatically retry your payment shortly. No action needed from your end.","Namaste Krish Iyer! Aapka ₹21,206.26 ka payment card declined ki wajah se process nahi ho paya. Hum jaldi hi dobara try karenge — aapko kuch bhi karne ki zaroorat nahi."
2026-08-26T15:45:39,CUST1030,Tarun Mehta,2169.49,card_declined,low,retryable,immediate_retry,A,"Low-tier retryable — first attempt, variant=A (standard message)",success,"[MOCK API] Retry payment for CUST1030 (Tarun Mehta) ₹2,169.49 — ✓ APPROVED",2026-08-26T15:45:39,2026-08-23T00:05:59,"Hi Tarun Mehta, we noticed your payment of ₹2,169.49 could not be processed due to card declined. We will automatically retry your payment shortly. No action needed from your end.","Namaste Tarun Mehta! Aapka ₹2,169.49 ka payment card declined ki wajah se process nahi ho paya. Hum jaldi hi dobara try karenge — aapko kuch bhi karne ki zaroorat nahi."
2026-08-26T15:45:39,CUST1043,Ishaan Verma,4977.21,bank_timeout,low,retryable,immediate_retry,B,"Low-tier retryable — first attempt, variant=B (urgency-framed message)",failed,"[MOCK API] Retry payment for CUST1043 (Ishaan Verma) ₹4,977.21 — ✗ DECLINED again",2026-08-26T15:45:39,2026-07-04T02:40:27,"⚡ Urgent: Ishaan Verma, your ₹4,977.21 payment failed! We're retrying right now. Please ensure your card/account is ready. Act within 2 hours to avoid service interruption.","⚡ Urgent! Ishaan Verma ji, aapka ₹4,977.21 ka payment fail ho gaya hai! Hum abhi retry kar rahe hain — 2 ghante mein apna account check karein, warna service band ho sakti hai."
2026-08-26T15:45:39,CUST1051,Bhavna Agarwal,6036.48,bank_timeout,high,retryable,immediate_retry,N/A,"High-tier customer (₹6,036.48) — first auto-attempt, then escalate to human if it fails again",failed,"[MOCK API] Retry payment for CUST1051 (Bhavna Agarwal) ₹6,036.48 — ✗ DECLINED again",2026-08-26T15:45:39,2026-08-19T08:22:41,"Hi Bhavna Agarwal, we noticed your payment of ₹6,036.48 could not be processed due to bank timeout. We will automatically retry your payment shortly. No action needed from your end.","Namaste Bhavna Agarwal! Aapka ₹6,036.48 ka payment bank timeout ki wajah se process nahi ho paya. Hum jaldi hi dobara try karenge — aapko kuch bhi karne ki zaroorat nahi."
2026-08-26T15:45:39,CUST1068,Divya Joshi,17432.43,expired_card,high,non_retryable_send_link,send_payment_update,N/A,"Card expired → sending payment-update link (tier=high, retry_count=0)",success,"[MOCK SMS] Payment-update link sent to CUST1068 (Divya Joshi) ₹17,432.43 — delivery confirmed",2026-08-26T15:45:39,2026-07-10T07:24:44,"Hi Divya Joshi, your saved card has expired and a payment of ₹17,432.43 could not be collected. Please update your payment method using this secure link: https://pay.razorpay.com/update?cid=MOCK&amount=17432","Namaste Divya Joshi! Aapka card expire ho gaya hai aur ₹17,432.43 ka payment collect nahi ho paya. Apna payment method update karne ke liye yeh link use karein: https://pay.razorpay.com/update?cid=MOCK&amount=17432"
2026-08-26T15:45:39,CUST1036,Arjun Joshi,10725.4,card_declined,high,retryable,immediate_retry,N/A,"High-tier customer (₹10,725.40) — first auto-attempt, then escalate to human if it fails again",success,"[MOCK API] Retry payment for CUST1036 (Arjun Joshi) ₹10,725.40 — ✓ APPROVED",2026-08-26T15:45:39,2026-08-07T18:33:20,"Hi Arjun Joshi, we noticed your payment of ₹10,725.40 could not be processed due to card declined. We will automatically retry your payment shortly. No action needed from your end.","Namaste Arjun Joshi! Aapka ₹10,725.40 ka payment card declined ki wajah se process nahi ho paya. Hum jaldi hi dobara try karenge — aapko kuch bhi karne ki zaroorat nahi."
2026-08-26T15:45:39,CUST1067,Ishaan Rao,10864.22,bank_timeout,high,retryable,immediate_retry,N/A,"High-tier customer (₹10,864.22) — first auto-attempt, then escalate to human if it fails again",failed,"[MOCK API] Retry payment for CUST1067 (Ishaan Rao) ₹10,864.22 — ✗ DECLINED again",2026-08-26T15:45:39,2026-07-05T22:18:15,"Hi Ishaan Rao, we noticed your payment of ₹10,864.22 could not be processed due to bank timeout. We will automatically retry your payment shortly. No action needed from your end.","Namaste Ishaan Rao! Aapka ₹10,864.22 ka payment bank timeout ki wajah se process nahi ho paya. Hum jaldi hi dobara try karenge — aapko kuch bhi karne ki zaroorat nahi."
2026-08-26T15:45:39,CUST1012,Sarita Bhat,17142.85,bank_timeout,high,retryable,immediate_retry,N/A,"High-tier customer (₹17,142.85) — first auto-attempt, then escalate to human if it fails again",success,"[MOCK API] Retry payment for CUST1012 (Sarita Bhat) ₹17,142.85 — ✓ APPROVED",2026-08-26T15:45:39,2026-07-10T08:08:15,"Hi Sarita Bhat, we noticed your payment of ₹17,142.85 could not be processed due to bank timeout. We will automatically retry your payment shortly. No action needed from your end.","Namaste Sarita Bhat! Aapka ₹17,142.85 ka payment bank timeout ki wajah se process nahi ho paya. Hum jaldi hi dobara try karenge — aapko kuch bhi karne ki zaroorat nahi."
2026-08-26T15:45:39,CUST1065,Varun Bhat,19828.32,expired_card,high,non_retryable_send_link,send_payment_update,N/A,"Card expired → sending payment-update link (tier=high, retry_count=2)",success,"[MOCK SMS] Payment-update link sent to CUST1065 (Varun Bhat) ₹19,828.32 — delivery confirmed",2026-08-26T15:45:39,2026-08-09T23:57:32,"Hi Varun Bhat, your saved card has expired and a payment of ₹19,828.32 could not be collected. Please update your payment method using this secure link: https://pay.razorpay.com/update?cid=MOCK&amount=19828","Namaste Varun Bhat! Aapka card expire ho gaya hai aur ₹19,828.32 ka payment collect nahi ho paya. Apna payment method update karne ke liye yeh link use karein: https://pay.razorpay.com/update?cid=MOCK&amount=19828"
2026-08-26T15:45:39,CUST1064,Gaurav Tiwari,18353.01,insufficient_funds,high,retryable,immediate_retry,N/A,"High-tier customer (₹18,353.01) — first auto-attempt, then escalate to human if it fails again",failed,"[MOCK API] Retry payment for CUST1064 (Gaurav Tiwari) ₹18,353.01 — ✗ DECLINED again",2026-08-26T15:45:39,2026-07-09T14:42:33,"Hi Gaurav Tiwari, we noticed your payment of ₹18,353.01 could not be processed due to insufficient funds. We will automatically retry your payment shortly. No action needed from your end.","Namaste Gaurav Tiwari! Aapka ₹18,353.01 ka payment insufficient funds ki wajah se process nahi ho paya. Hum jaldi hi dobara try karenge — aapko kuch bhi karne ki zaroorat nahi."
2026-08-26T15:45:39,CUST1032,Poonam Bhat,22195.56,card_declined,high,retryable,immediate_retry,N/A,"High-tier customer (₹22,195.56) — first auto-attempt, then escalate to human if it fails again",success,"[MOCK API] Retry payment for CUST1032 (Poonam Bhat) ₹22,195.56 — ✓ APPROVED",2026-08-26T15:45:39,2026-08-20T14:18:27,"Hi Poonam Bhat, we noticed your payment of ₹22,195.56 could not be processed due to card declined. We will automatically retry your payment shortly. No action needed from your end.","Namaste Poonam Bhat! Aapka ₹22,195.56 ka payment card declined ki wajah se process nahi ho paya. Hum jaldi hi dobara try karenge — aapko kuch bhi karne ki zaroorat nahi."
2026-08-26T15:45:39,CUST1027,Mohit Singh,7433.35,expired_card,high,non_retryable_send_link,send_payment_update,N/A,"Card expired → sending payment-update link (tier=high, retry_count=1)",failed,"[MOCK SMS] Payment-update link sent to CUST1027 (Mohit Singh) ₹7,433.35 — delivery failed (invalid number)",2026-08-26T15:45:39,2026-08-16T01:43:41,"Hi Mohit Singh, your saved card has expired and a payment of ₹7,433.35 could not be collected. Please update your payment method using this secure link: https://pay.razorpay.com/update?cid=MOCK&amount=7433","Namaste Mohit Singh! Aapka card expire ho gaya hai aur ₹7,433.35 ka payment collect nahi ho paya. Apna payment method update karne ke liye yeh link use karein: https://pay.razorpay.com/update?cid=MOCK&amount=7433"
2026-08-26T15:45:39,CUST1001,Om Bhat,1555.13,card_declined,low,retryable,immediate_retry,B,"Low-tier retryable — first attempt, variant=B (urgency-framed message)",failed,"[MOCK API] Retry payment for CUST1001 (Om Bhat) ₹1,555.13 — ✗ DECLINED again",2026-08-26T15:45:39,2026-07-15T04:47:06,"⚡ Urgent: Om Bhat, your ₹1,555.13 payment failed! We're retrying right now. Please ensure your card/account is ready. Act within 2 hours to avoid service interruption.","⚡ Urgent! Om Bhat ji, aapka ₹1,555.13 ka payment fail ho gaya hai! Hum abhi retry kar rahe hain — 2 ghante mein apna account check karein, warna service band ho sakti hai."
2026-08-26T15:45:39,CUST1069,Shreya Agarwal,7301.12,card_declined,high,retryable,immediate_retry,N/A,"High-tier customer (₹7,301.12) — first auto-attempt, then escalate to human if it fails again",success,"[MOCK API] Retry payment for CUST1069 (Shreya Agarwal) ₹7,301.12 — ✓ APPROVED",2026-08-26T15:45:39,2026-07-30T13:03:13,"Hi Shreya Agarwal, we noticed your payment of ₹7,301.12 could not be processed due to card declined. We will automatically retry your payment shortly. No action needed from your end.","Namaste Shreya Agarwal! Aapka ₹7,301.12 ka payment card declined ki wajah se process nahi ho paya. Hum jaldi hi dobara try karenge — aapko kuch bhi karne ki zaroorat nahi."
2026-08-26T15:45:39,CUST1071,Akash Mehta,9276.97,bank_timeout,high,retryable,immediate_retry,N/A,"High-tier customer (₹9,276.97) — first auto-attempt, then escalate to human if it fails again",success,"[MOCK API] Retry payment for CUST1071 (Akash Mehta) ₹9,276.97 — ✓ APPROVED",2026-08-26T15:45:39,2026-08-21T19:57:14,"Hi Akash Mehta, we noticed your payment of ₹9,276.97 could not be processed due to bank timeout. We will automatically retry your payment shortly. No action needed from your end.","Namaste Akash Mehta! Aapka ₹9,276.97 ka payment bank timeout ki wajah se process nahi ho paya. Hum jaldi hi dobara try karenge — aapko kuch bhi karne ki zaroorat nahi."
2026-08-26T15:45:39,CUST1054,Falak Joshi,5025.41,insufficient_funds,high,retryable,immediate_retry,N/A,"High-tier customer (₹5,025.41) — first auto-attempt, then escalate to human if it fails again",success,"[MOCK API] Retry payment for CUST1054 (Falak Joshi) ₹5,025.41 — ✓ APPROVED",2026-08-26T15:45:39,2026-07-01T16:59:51,"Hi Falak Joshi, we noticed your payment of ₹5,025.41 could not be processed due to insufficient funds. We will automatically retry your payment shortly. No action needed from your end.","Namaste Falak Joshi! Aapka ₹5,025.41 ka payment insufficient funds ki wajah se process nahi ho paya. Hum jaldi hi dobara try karenge — aapko kuch bhi karne ki zaroorat nahi."
2026-08-26T15:45:39,CUST1024,Vikram Kapoor,12493.71,card_declined,high,retryable,immediate_retry,N/A,"High-tier customer (₹12,493.71) — first auto-attempt, then escalate to human if it fails again",failed,"[MOCK API] Retry payment for CUST1024 (Vikram Kapoor) ₹12,493.71 — ✗ DECLINED again",2026-08-26T15:45:39,2026-07-05T01:55:21,"Hi Vikram Kapoor, we noticed your payment of ₹12,493.71 could not be processed due to card declined. We will automatically retry your payment shortly. No action needed from your end.","Namaste Vikram Kapoor! Aapka ₹12,493.71 ka payment card declined ki wajah se process nahi ho paya. Hum jaldi hi dobara try karenge — aapko kuch bhi karne ki zaroorat nahi."
2026-08-26T15:45:39,CUST9002,Kunal Pillai,7999.0,already_refunded,high,non_retryable_skip,skip_non_retryable,N/A,Non-retryable (already_refunded) — logged and skipped per policy,skipped,[SKIP]    CUST9002 (Kunal Pillai) — Non-retryable (already_refunded) — logged and skipped per policy,2026-08-26T15:45:39,2026-08-06T21:01:05,"No action taken for Kunal Pillai (₹7,999.00) — payment already refunded.",Kunal Pillai ji ke liye koi action nahi liya — payment pehle se refund ho chuki hai.
2026-08-26T15:45:39,CUST1035,Hema Mehta,2508.53,insufficient_funds,low,retryable,immediate_retry,B,"Low-tier retryable — first attempt, variant=B (urgency-framed message)",success,"[MOCK API] Retry payment for CUST1035 (Hema Mehta) ₹2,508.53 — ✓ APPROVED",2026-08-26T15:45:39,2026-08-25T07:25:07,"⚡ Urgent: Hema Mehta, your ₹2,508.53 payment failed! We're retrying right now. Please ensure your card/account is ready. Act within 2 hours to avoid service interruption.","⚡ Urgent! Hema Mehta ji, aapka ₹2,508.53 ka payment fail ho gaya hai! Hum abhi retry kar rahe hain — 2 ghante mein apna account check karein, warna service band ho sakti hai."
2026-08-26T15:45:39,CUST1023,Siddharth Sharma,4627.02,insufficient_funds,low,retryable,immediate_retry,B,"Low-tier retryable — first attempt, variant=B (urgency-framed message)",success,"[MOCK API] Retry payment for CUST1023 (Siddharth Sharma) ₹4,627.02 — ✓ APPROVED",2026-08-26T15:45:39,2026-08-07T17:14:37,"⚡ Urgent: Siddharth Sharma, your ₹4,627.02 payment failed! We're retrying right now. Please ensure your card/account is ready. Act within 2 hours to avoid service interruption.","⚡ Urgent! Siddharth Sharma ji, aapka ₹4,627.02 ka payment fail ho gaya hai! Hum abhi retry kar rahe hain — 2 ghante mein apna account check karein, warna service band ho sakti hai."
2026-08-26T15:45:39,CUST1003,Ishaan Sharma,12670.0,insufficient_funds,high,retryable,immediate_retry,N/A,"High-tier customer (₹12,670.00) — first auto-attempt, then escalate to human if it fails again",success,"[MOCK API] Retry payment for CUST1003 (Ishaan Sharma) ₹12,670.00 — ✓ APPROVED",2026-08-26T15:45:39,2026-07-27T07:28:37,"Hi Ishaan Sharma, we noticed your payment of ₹12,670.00 could not be processed due to insufficient funds. We will automatically retry your payment shortly. No action needed from your end.","Namaste Ishaan Sharma! Aapka ₹12,670.00 ka payment insufficient funds ki wajah se process nahi ho paya. Hum jaldi hi dobara try karenge — aapko kuch bhi karne ki zaroorat nahi."
2026-08-26T15:45:39,CUST9004,Arjun Agarwal,4999.0,duplicate_charge,low,non_retryable_skip,skip_non_retryable,N/A,Non-retryable (duplicate_charge) — logged and skipped per policy,skipped,[SKIP]    CUST9004 (Arjun Agarwal) — Non-retryable (duplicate_charge) — logged and skipped per policy,2026-08-26T15:45:39,2026-07-21T06:29:20,"No action taken for Arjun Agarwal (₹4,999.00) — duplicate charge detected.",Arjun Agarwal ji ke liye koi action nahi liya — duplicate charge detect hua hai.
2026-08-26T15:45:39,CUST1008,Riya Nair,5339.46,bank_timeout,high,retryable,immediate_retry,N/A,"High-tier customer (₹5,339.46) — first auto-attempt, then escalate to human if it fails again",success,"[MOCK API] Retry payment for CUST1008 (Riya Nair) ₹5,339.46 — ✓ APPROVED",2026-08-26T15:45:39,2026-07-24T05:23:22,"Hi Riya Nair, we noticed your payment of ₹5,339.46 could not be processed due to bank timeout. We will automatically retry your payment shortly. No action needed from your end.","Namaste Riya Nair! Aapka ₹5,339.46 ka payment bank timeout ki wajah se process nahi ho paya. Hum jaldi hi dobara try karenge — aapko kuch bhi karne ki zaroorat nahi."
2026-08-26T15:45:39,CUST1039,Roshni Bhat,19022.58,insufficient_funds,high,retryable,immediate_retry,N/A,"High-tier customer (₹19,022.58) — first auto-attempt, then escalate to human if it fails again",failed,"[MOCK API] Retry payment for CUST1039 (Roshni Bhat) ₹19,022.58 — ✗ DECLINED again",2026-08-26T15:45:39,2026-07-16T11:18:10,"Hi Roshni Bhat, we noticed your payment of ₹19,022.58 could not be processed due to insufficient funds. We will automatically retry your payment shortly. No action needed from your end.","Namaste Roshni Bhat! Aapka ₹19,022.58 ka payment insufficient funds ki wajah se process nahi ho paya. Hum jaldi hi dobara try karenge — aapko kuch bhi karne ki zaroorat nahi."
2026-08-26T15:45:39,CUST1063,Sneha Bhat,14108.6,card_declined,high,retryable,immediate_retry,N/A,"High-tier customer (₹14,108.60) — first auto-attempt, then escalate to human if it fails again",failed,"[MOCK API] Retry payment for CUST1063 (Sneha Bhat) ₹14,108.60 — ✗ DECLINED again",2026-08-26T15:45:39,2026-08-21T22:33:29,"Hi Sneha Bhat, we noticed your payment of ₹14,108.60 could not be processed due to card declined. We will automatically retry your payment shortly. No action needed from your end.","Namaste Sneha Bhat! Aapka ₹14,108.60 ka payment card declined ki wajah se process nahi ho paya. Hum jaldi hi dobara try karenge — aapko kuch bhi karne ki zaroorat nahi."
2026-08-26T15:45:39,CUST1062,Poonam Sharma,12720.61,insufficient_funds,high,retryable,immediate_retry,N/A,"High-tier customer (₹12,720.61) — first auto-attempt, then escalate to human if it fails again",failed,"[MOCK API] Retry payment for CUST1062 (Poonam Sharma) ₹12,720.61 — ✗ DECLINED again",2026-08-26T15:45:39,2026-07-26T07:09:41,"Hi Poonam Sharma, we noticed your payment of ₹12,720.61 could not be processed due to insufficient funds. We will automatically retry your payment shortly. No action needed from your end.","Namaste Poonam Sharma! Aapka ₹12,720.61 ka payment insufficient funds ki wajah se process nahi ho paya. Hum jaldi hi dobara try karenge — aapko kuch bhi karne ki zaroorat nahi."
2026-08-26T15:45:39,CUST1052,Rahul Singh,19296.55,expired_card,high,non_retryable_send_link,send_payment_update,N/A,"Card expired → sending payment-update link (tier=high, retry_count=0)",success,"[MOCK SMS] Payment-update link sent to CUST1052 (Rahul Singh) ₹19,296.55 — delivery confirmed",2026-08-26T15:45:39,2026-07-17T05:37:16,"Hi Rahul Singh, your saved card has expired and a payment of ₹19,296.55 could not be collected. Please update your payment method using this secure link: https://pay.razorpay.com/update?cid=MOCK&amount=19296","Namaste Rahul Singh! Aapka card expire ho gaya hai aur ₹19,296.55 ka payment collect nahi ho paya. Apna payment method update karne ke liye yeh link use karein: https://pay.razorpay.com/update?cid=MOCK&amount=19296"
2026-08-26T15:45:39,CUST1007,Siddharth Singh,12423.93,insufficient_funds,high,retryable,immediate_retry,N/A,"High-tier customer (₹12,423.93) — first auto-attempt, then escalate to human if it fails again",success,"[MOCK API] Retry payment for CUST1007 (Siddharth Singh) ₹12,423.93 — ✓ APPROVED",2026-08-26T15:45:39,2026-07-15T09:05:54,"Hi Siddharth Singh, we noticed your payment of ₹12,423.93 could not be processed due to insufficient funds. We will automatically retry your payment shortly. No action needed from your end.","Namaste Siddharth Singh! Aapka ₹12,423.93 ka payment insufficient funds ki wajah se process nahi ho paya. Hum jaldi hi dobara try karenge — aapko kuch bhi karne ki zaroorat nahi."
2026-08-26T15:45:39,CUST1016,Aarav Nair,13869.83,expired_card,high,non_retryable_send_link,send_payment_update,N/A,"Card expired → sending payment-update link (tier=high, retry_count=0)",success,"[MOCK SMS] Payment-update link sent to CUST1016 (Aarav Nair) ₹13,869.83 — delivery confirmed",2026-08-26T15:45:39,2026-07-19T13:10:29,"Hi Aarav Nair, your saved card has expired and a payment of ₹13,869.83 could not be collected. Please update your payment method using this secure link: https://pay.razorpay.com/update?cid=MOCK&amount=13869","Namaste Aarav Nair! Aapka card expire ho gaya hai aur ₹13,869.83 ka payment collect nahi ho paya. Apna payment method update karne ke liye yeh link use karein: https://pay.razorpay.com/update?cid=MOCK&amount=13869"
2026-08-26T15:45:39,CUST1041,Divya Nair,19282.15,card_declined,high,retryable,immediate_retry,N/A,"High-tier customer (₹19,282.15) — first auto-attempt, then escalate to human if it fails again",success,"[MOCK API] Retry payment for CUST1041 (Divya Nair) ₹19,282.15 — ✓ APPROVED",2026-08-26T15:45:39,2026-07-08T03:47:35,"Hi Divya Nair, we noticed your payment of ₹19,282.15 could not be processed due to card declined. We will automatically retry your payment shortly. No action needed from your end.","Namaste Divya Nair! Aapka ₹19,282.15 ka payment card declined ki wajah se process nahi ho paya. Hum jaldi hi dobara try karenge — aapko kuch bhi karne ki zaroorat nahi."
2026-08-26T15:45:39,CUST1045,Manav Pillai,3177.54,card_declined,low,retryable,immediate_retry,B,"Low-tier retryable — first attempt, variant=B (urgency-framed message)",success,"[MOCK API] Retry payment for CUST1045 (Manav Pillai) ₹3,177.54 — ✓ APPROVED",2026-08-26T15:45:39,2026-08-14T04:34:02,"⚡ Urgent: Manav Pillai, your ₹3,177.54 payment failed! We're retrying right now. Please ensure your card/account is ready. Act within 2 hours to avoid service interruption.","⚡ Urgent! Manav Pillai ji, aapka ₹3,177.54 ka payment fail ho gaya hai! Hum abhi retry kar rahe hain — 2 ghante mein apna account check karein, warna service band ho sakti hai."
2026-08-26T15:45:39,CUST1038,Bhavna Nair,7970.41,card_declined,high,retryable,immediate_retry,N/A,"High-tier customer (₹7,970.41) — first auto-attempt, then escalate to human if it fails again",failed,"[MOCK API] Retry payment for CUST1038 (Bhavna Nair) ₹7,970.41 — ✗ DECLINED again",2026-08-26T15:45:39,2026-07-07T02:34:13,"Hi Bhavna Nair, we noticed your payment of ₹7,970.41 could not be processed due to card declined. We will automatically retry your payment shortly. No action needed from your end.","Namaste Bhavna Nair! Aapka ₹7,970.41 ka payment card declined ki wajah se process nahi ho paya. Hum jaldi hi dobara try karenge — aapko kuch bhi karne ki zaroorat nahi."
2026-08-26T15:45:39,CUST1005,Rajat Chaudhary,2961.47,bank_timeout,low,retryable,immediate_retry,A,"Low-tier retryable — first attempt, variant=A (standard message)",success,"[MOCK API] Retry payment for CUST1005 (Rajat Chaudhary) ₹2,961.47 — ✓ APPROVED",2026-08-26T15:45:39,2026-08-08T08:51:02,"Hi Rajat Chaudhary, we noticed your payment of ₹2,961.47 could not be processed due to bank timeout. We will automatically retry your payment shortly. No action needed from your end.","Namaste Rajat Chaudhary! Aapka ₹2,961.47 ka payment bank timeout ki wajah se process nahi ho paya. Hum jaldi hi dobara try karenge — aapko kuch bhi karne ki zaroorat nahi."
2026-08-26T15:45:39,CUST1013,Karan Kapoor,13362.3,expired_card,high,non_retryable_send_link,send_payment_update,N/A,"Card expired → sending payment-update link (tier=high, retry_count=1)",failed,"[MOCK SMS] Payment-update link sent to CUST1013 (Karan Kapoor) ₹13,362.30 — delivery failed (invalid number)",2026-08-26T15:45:39,2026-08-07T12:23:14,"Hi Karan Kapoor, your saved card has expired and a payment of ₹13,362.30 could not be collected. Please update your payment method using this secure link: https://pay.razorpay.com/update?cid=MOCK&amount=13362","Namaste Karan Kapoor! Aapka card expire ho gaya hai aur ₹13,362.30 ka payment collect nahi ho paya. Apna payment method update karne ke liye yeh link use karein: https://pay.razorpay.com/update?cid=MOCK&amount=13362"
2026-08-26T15:45:39,CUST1046,Riya Mehta,7528.2,insufficient_funds,high,retryable,immediate_retry,N/A,"High-tier customer (₹7,528.20) — first auto-attempt, then escalate to human if it fails again",success,"[MOCK API] Retry payment for CUST1046 (Riya Mehta) ₹7,528.20 — ✓ APPROVED",2026-08-26T15:45:39,2026-07-24T01:57:22,"Hi Riya Mehta, we noticed your payment of ₹7,528.20 could not be processed due to insufficient funds. We will automatically retry your payment shortly. No action needed from your end.","Namaste Riya Mehta! Aapka ₹7,528.20 ka payment insufficient funds ki wajah se process nahi ho paya. Hum jaldi hi dobara try karenge — aapko kuch bhi karne ki zaroorat nahi."
2026-08-26T15:45:39,CUST1026,Nisha Shah,4868.89,bank_timeout,low,retryable,immediate_retry,A,"Low-tier retryable — first attempt, variant=A (standard message)",success,"[MOCK API] Retry payment for CUST1026 (Nisha Shah) ₹4,868.89 — ✓ APPROVED",2026-08-26T15:45:39,2026-07-27T06:06:06,"Hi Nisha Shah, we noticed your payment of ₹4,868.89 could not be processed due to bank timeout. We will automatically retry your payment shortly. No action needed from your end.","Namaste Nisha Shah! Aapka ₹4,868.89 ka payment bank timeout ki wajah se process nahi ho paya. Hum jaldi hi dobara try karenge — aapko kuch bhi karne ki zaroorat nahi."
2026-08-26T15:45:39,CUST1025,Hema Pillai,5346.32,insufficient_funds,high,retryable,immediate_retry,N/A,"High-tier customer (₹5,346.32) — first auto-attempt, then escalate to human if it fails again",success,"[MOCK API] Retry payment for CUST1025 (Hema Pillai) ₹5,346.32 — ✓ APPROVED",2026-08-26T15:45:39,2026-08-04T04:46:59,"Hi Hema Pillai, we noticed your payment of ₹5,346.32 could not be processed due to insufficient funds. We will automatically retry your payment shortly. No action needed from your end.","Namaste Hema Pillai! Aapka ₹5,346.32 ka payment insufficient funds ki wajah se process nahi ho paya. Hum jaldi hi dobara try karenge — aapko kuch bhi karne ki zaroorat nahi."
2026-08-26T15:45:39,CUST1059,Ananya Reddy,11822.26,bank_timeout,high,retryable,immediate_retry,N/A,"High-tier customer (₹11,822.26) — first auto-attempt, then escalate to human if it fails again",success,"[MOCK API] Retry payment for CUST1059 (Ananya Reddy) ₹11,822.26 — ✓ APPROVED",2026-08-26T15:45:39,2026-08-20T23:10:42,"Hi Ananya Reddy, we noticed your payment of ₹11,822.26 could not be processed due to bank timeout. We will automatically retry your payment shortly. No action needed from your end.","Namaste Ananya Reddy! Aapka ₹11,822.26 ka payment bank timeout ki wajah se process nahi ho paya. Hum jaldi hi dobara try karenge — aapko kuch bhi karne ki zaroorat nahi."
2026-08-26T15:45:39,CUST1044,Gaurav Shah,6111.37,card_declined,high,retryable,immediate_retry,N/A,"High-tier customer (₹6,111.37) — first auto-attempt, then escalate to human if it fails again",failed,"[MOCK API] Retry payment for CUST1044 (Gaurav Shah) ₹6,111.37 — ✗ DECLINED again",2026-08-26T15:45:39,2026-07-17T05:47:28,"Hi Gaurav Shah, we noticed your payment of ₹6,111.37 could not be processed due to card declined. We will automatically retry your payment shortly. No action needed from your end.","Namaste Gaurav Shah! Aapka ₹6,111.37 ka payment card declined ki wajah se process nahi ho paya. Hum jaldi hi dobara try karenge — aapko kuch bhi karne ki zaroorat nahi."
2026-08-26T15:45:39,CUST1037,Aishwarya Patel,4811.65,expired_card,low,non_retryable_send_link,send_payment_update,N/A,"Card expired → sending payment-update link (tier=low, retry_count=0)",success,"[MOCK SMS] Payment-update link sent to CUST1037 (Aishwarya Patel) ₹4,811.65 — delivery confirmed",2026-08-26T15:45:39,2026-08-12T20:19:29,"Hi Aishwarya Patel, your saved card has expired and a payment of ₹4,811.65 could not be collected. Please update your payment method using this secure link: https://pay.razorpay.com/update?cid=MOCK&amount=4811","Namaste Aishwarya Patel! Aapka card expire ho gaya hai aur ₹4,811.65 ka payment collect nahi ho paya. Apna payment method update karne ke liye yeh link use karein: https://pay.razorpay.com/update?cid=MOCK&amount=4811"
2026-08-26T15:45:39,CUST9007,Sanya Mehta,-500.0,bank_timeout,low,invalid_data,skip_invalid_data,N/A,Invalid data: zero or negative amount — hard skip,skipped,[SKIP]    CUST9007 (Sanya Mehta) — Invalid data: zero or negative amount — hard skip,2026-08-26T15:45:39,2026-08-11T02:49:41,Recovery attempt skipped for Sanya Mehta (₹-500.00) — amount below recovery cost threshold after multiple retries.,Sanya Mehta ji ka recovery attempt skip kiya gaya — amount ₹-500.00 itna kam hai ki retry ki cost justify nahi hoti.
2026-08-26T15:45:39,CUST1072,Kunal Gupta,7621.13,expired_card,high,non_retryable_send_link,send_payment_update,N/A,"Card expired → sending payment-update link (tier=high, retry_count=0)",failed,"[MOCK SMS] Payment-update link sent to CUST1072 (Kunal Gupta) ₹7,621.13 — delivery failed (invalid number)",2026-08-26T15:45:39,2026-07-22T21:43:51,"Hi Kunal Gupta, your saved card has expired and a payment of ₹7,621.13 could not be collected. Please update your payment method using this secure link: https://pay.razorpay.com/update?cid=MOCK&amount=7621","Namaste Kunal Gupta! Aapka card expire ho gaya hai aur ₹7,621.13 ka payment collect nahi ho paya. Apna payment method update karne ke liye yeh link use karein: https://pay.razorpay.com/update?cid=MOCK&amount=7621"
2026-08-26T15:45:39,CUST1004,Rohit Patel,12287.76,insufficient_funds,high,retryable,immediate_retry,N/A,"High-tier customer (₹12,287.76) — first auto-attempt, then escalate to human if it fails again",failed,"[MOCK API] Retry payment for CUST1004 (Rohit Patel) ₹12,287.76 — ✗ DECLINED again",2026-08-26T15:45:39,2026-07-10T06:48:21,"Hi Rohit Patel, we noticed your payment of ₹12,287.76 could not be processed due to insufficient funds. We will automatically retry your payment shortly. No action needed from your end.","Namaste Rohit Patel! Aapka ₹12,287.76 ka payment insufficient funds ki wajah se process nahi ho paya. Hum jaldi hi dobara try karenge — aapko kuch bhi karne ki zaroorat nahi."
2026-08-26T15:45:39,CUST1014,Om Shah,2874.24,bank_timeout,low,retryable,immediate_retry,A,"Low-tier retryable — first attempt, variant=A (standard message)",success,"[MOCK API] Retry payment for CUST1014 (Om Shah) ₹2,874.24 — ✓ APPROVED",2026-08-26T15:45:39,2026-07-08T04:40:10,"Hi Om Shah, we noticed your payment of ₹2,874.24 could not be processed due to bank timeout. We will automatically retry your payment shortly. No action needed from your end.","Namaste Om Shah! Aapka ₹2,874.24 ka payment bank timeout ki wajah se process nahi ho paya. Hum jaldi hi dobara try karenge — aapko kuch bhi karne ki zaroorat nahi."
2026-08-26T15:45:39,CUST1040,Gaurav Reddy,10581.67,expired_card,high,non_retryable_send_link,send_payment_update,N/A,"Card expired → sending payment-update link (tier=high, retry_count=3)",success,"[MOCK SMS] Payment-update link sent to CUST1040 (Gaurav Reddy) ₹10,581.67 — delivery confirmed",2026-08-26T15:45:39,2026-08-11T16:00:42,"Hi Gaurav Reddy, your saved card has expired and a payment of ₹10,581.67 could not be collected. Please update your payment method using this secure link: https://pay.razorpay.com/update?cid=MOCK&amount=10581","Namaste Gaurav Reddy! Aapka card expire ho gaya hai aur ₹10,581.67 ka payment collect nahi ho paya. Apna payment method update karne ke liye yeh link use karein: https://pay.razorpay.com/update?cid=MOCK&amount=10581"
2026-08-26T15:45:39,CUST1021,Tarun Joshi,5164.38,insufficient_funds,high,retryable,immediate_retry,N/A,"High-tier customer (₹5,164.38) — first auto-attempt, then escalate to human if it fails again",success,"[MOCK API] Retry payment for CUST1021 (Tarun Joshi) ₹5,164.38 — ✓ APPROVED",2026-08-26T15:45:39,2026-07-28T06:59:34,"Hi Tarun Joshi, we noticed your payment of ₹5,164.38 could not be processed due to insufficient funds. We will automatically retry your payment shortly. No action needed from your end.","Namaste Tarun Joshi! Aapka ₹5,164.38 ka payment insufficient funds ki wajah se process nahi ho paya. Hum jaldi hi dobara try karenge — aapko kuch bhi karne ki zaroorat nahi."
2026-08-26T15:45:39,CUST9003,Mohit Shah,99.0,already_refunded,low,non_retryable_skip,skip_non_retryable,N/A,Non-retryable (already_refunded) — logged and skipped per policy,skipped,[SKIP]    CUST9003 (Mohit Shah) — Non-retryable (already_refunded) — logged and skipped per policy,2026-08-26T15:45:39,2026-07-09T14:11:03,No action taken for Mohit Shah (₹99.00) — payment already refunded.,Mohit Shah ji ke liye koi action nahi liya — payment pehle se refund ho chuki hai.
2026-08-26T15:45:39,CUST1022,Roshni Singh,7062.62,expired_card,high,non_retryable_send_link,send_payment_update,N/A,"Card expired → sending payment-update link (tier=high, retry_count=1)",success,"[MOCK SMS] Payment-update link sent to CUST1022 (Roshni Singh) ₹7,062.62 — delivery confirmed",2026-08-26T15:45:39,2026-07-24T14:57:33,"Hi Roshni Singh, your saved card has expired and a payment of ₹7,062.62 could not be collected. Please update your payment method using this secure link: https://pay.razorpay.com/update?cid=MOCK&amount=7062","Namaste Roshni Singh! Aapka card expire ho gaya hai aur ₹7,062.62 ka payment collect nahi ho paya. Apna payment method update karne ke liye yeh link use karein: https://pay.razorpay.com/update?cid=MOCK&amount=7062"
2026-08-26T15:45:39,CUST1048,Rohan Shah,21430.95,insufficient_funds,high,retryable,immediate_retry,N/A,"High-tier customer (₹21,430.95) — first auto-attempt, then escalate to human if it fails again",success,"[MOCK API] Retry payment for CUST1048 (Rohan Shah) ₹21,430.95 — ✓ APPROVED",2026-08-26T15:45:39,2026-07-27T00:11:47,"Hi Rohan Shah, we noticed your payment of ₹21,430.95 could not be processed due to insufficient funds. We will automatically retry your payment shortly. No action needed from your end.","Namaste Rohan Shah! Aapka ₹21,430.95 ka payment insufficient funds ki wajah se process nahi ho paya. Hum jaldi hi dobara try karenge — aapko kuch bhi karne ki zaroorat nahi."
2026-08-26T15:45:39,CUST1033,Sneha Rao,3728.43,bank_timeout,low,retryable,immediate_retry,A,"Low-tier retryable — first attempt, variant=A (standard message)",success,"[MOCK API] Retry payment for CUST1033 (Sneha Rao) ₹3,728.43 — ✓ APPROVED",2026-08-26T15:45:39,2026-07-04T18:47:34,"Hi Sneha Rao, we noticed your payment of ₹3,728.43 could not be processed due to bank timeout. We will automatically retry your payment shortly. No action needed from your end.","Namaste Sneha Rao! Aapka ₹3,728.43 ka payment bank timeout ki wajah se process nahi ho paya. Hum jaldi hi dobara try karenge — aapko kuch bhi karne ki zaroorat nahi."
2026-08-26T15:45:39,CUST1060,Nikhil Kumar,2911.79,expired_card,low,non_retryable_send_link,send_payment_update,N/A,"Card expired → sending payment-update link (tier=low, retry_count=3)",failed,"[MOCK SMS] Payment-update link sent to CUST1060 (Nikhil Kumar) ₹2,911.79 — delivery failed (invalid number)",2026-08-26T15:45:39,2026-07-16T21:19:14,"Hi Nikhil Kumar, your saved card has expired and a payment of ₹2,911.79 could not be collected. Please update your payment method using this secure link: https://pay.razorpay.com/update?cid=MOCK&amount=2911","Namaste Nikhil Kumar! Aapka card expire ho gaya hai aur ₹2,911.79 ka payment collect nahi ho paya. Apna payment method update karne ke liye yeh link use karein: https://pay.razorpay.com/update?cid=MOCK&amount=2911"
2026-08-26T15:45:39,CUST1028,Nikhil Bhat,7116.86,card_declined,high,retryable,immediate_retry,N/A,"High-tier customer (₹7,116.86) — first auto-attempt, then escalate to human if it fails again",success,"[MOCK API] Retry payment for CUST1028 (Nikhil Bhat) ₹7,116.86 — ✓ APPROVED",2026-08-26T15:45:39,2026-08-25T03:15:12,"Hi Nikhil Bhat, we noticed your payment of ₹7,116.86 could not be processed due to card declined. We will automatically retry your payment shortly. No action needed from your end.","Namaste Nikhil Bhat! Aapka ₹7,116.86 ka payment card declined ki wajah se process nahi ho paya. Hum jaldi hi dobara try karenge — aapko kuch bhi karne ki zaroorat nahi."
2026-08-26T15:45:39,CUST9001,Aman Kumar,2499.0,already_refunded,low,non_retryable_skip,skip_non_retryable,N/A,Non-retryable (already_refunded) — logged and skipped per policy,skipped,[SKIP]    CUST9001 (Aman Kumar) — Non-retryable (already_refunded) — logged and skipped per policy,2026-08-26T15:45:39,2026-08-09T17:01:58,"No action taken for Aman Kumar (₹2,499.00) — payment already refunded.",Aman Kumar ji ke liye koi action nahi liya — payment pehle se refund ho chuki hai.
2026-08-26T15:45:39,CUST1015,Aarav Singh,6851.59,card_declined,high,retryable,immediate_retry,N/A,"High-tier customer (₹6,851.59) — first auto-attempt, then escalate to human if it fails again",failed,"[MOCK API] Retry payment for CUST1015 (Aarav Singh) ₹6,851.59 — ✗ DECLINED again",2026-08-26T15:45:39,2026-07-30T16:16:35,"Hi Aarav Singh, we noticed your payment of ₹6,851.59 could not be processed due to card declined. We will automatically retry your payment shortly. No action needed from your end.","Namaste Aarav Singh! Aapka ₹6,851.59 ka payment card declined ki wajah se process nahi ho paya. Hum jaldi hi dobara try karenge — aapko kuch bhi karne ki zaroorat nahi."
2026-08-26T15:45:39,CUST1061,Lakshmi Pillai,2077.99,card_declined,low,retryable,immediate_retry,B,"Low-tier retryable — first attempt, variant=B (urgency-framed message)",success,"[MOCK API] Retry payment for CUST1061 (Lakshmi Pillai) ₹2,077.99 — ✓ APPROVED",2026-08-26T15:45:39,2026-08-09T02:29:26,"⚡ Urgent: Lakshmi Pillai, your ₹2,077.99 payment failed! We're retrying right now. Please ensure your card/account is ready. Act within 2 hours to avoid service interruption.","⚡ Urgent! Lakshmi Pillai ji, aapka ₹2,077.99 ka payment fail ho gaya hai! Hum abhi retry kar rahe hain — 2 ghante mein apna account check karein, warna service band ho sakti hai."
2026-08-26T15:45:39,CUST1017,Bhavna Tiwari,8765.39,insufficient_funds,high,retryable,immediate_retry,N/A,"High-tier customer (₹8,765.39) — first auto-attempt, then escalate to human if it fails again",success,"[MOCK API] Retry payment for CUST1017 (Bhavna Tiwari) ₹8,765.39 — ✓ APPROVED",2026-08-26T15:45:39,2026-08-10T09:53:40,"Hi Bhavna Tiwari, we noticed your payment of ₹8,765.39 could not be processed due to insufficient funds. We will automatically retry your payment shortly. No action needed from your end.","Namaste Bhavna Tiwari! Aapka ₹8,765.39 ka payment insufficient funds ki wajah se process nahi ho paya. Hum jaldi hi dobara try karenge — aapko kuch bhi karne ki zaroorat nahi."
2026-08-26T15:45:39,CUST1031,Aditya Agarwal,7173.72,insufficient_funds,high,retryable,immediate_retry,N/A,"High-tier customer (₹7,173.72) — first auto-attempt, then escalate to human if it fails again",success,"[MOCK API] Retry payment for CUST1031 (Aditya Agarwal) ₹7,173.72 — ✓ APPROVED",2026-08-26T15:45:39,2026-08-25T12:57:03,"Hi Aditya Agarwal, we noticed your payment of ₹7,173.72 could not be processed due to insufficient funds. We will automatically retry your payment shortly. No action needed from your end.","Namaste Aditya Agarwal! Aapka ₹7,173.72 ka payment insufficient funds ki wajah se process nahi ho paya. Hum jaldi hi dobara try karenge — aapko kuch bhi karne ki zaroorat nahi."
2026-08-26T15:45:39,CUST1020,Karan Malhotra,2792.85,card_declined,low,retryable,immediate_retry,B,"Low-tier retryable — first attempt, variant=B (urgency-framed message)",success,"[MOCK API] Retry payment for CUST1020 (Karan Malhotra) ₹2,792.85 — ✓ APPROVED",2026-08-26T15:45:39,2026-07-05T17:49:08,"⚡ Urgent: Karan Malhotra, your ₹2,792.85 payment failed! We're retrying right now. Please ensure your card/account is ready. Act within 2 hours to avoid service interruption.","⚡ Urgent! Karan Malhotra ji, aapka ₹2,792.85 ka payment fail ho gaya hai! Hum abhi retry kar rahe hain — 2 ghante mein apna account check karein, warna service band ho sakti hai."
2026-08-26T15:45:39,CUST9008,Rahul Sharma,120.0,insufficient_funds,low,retryable,skip_cost_floor,N/A,Cost-of-recovery skip: amount ₹120.00 < floor ₹150.0 and retry_count=2 ≥ 2,skipped,[SKIP]    CUST9008 (Rahul Sharma) — Cost-of-recovery skip: amount ₹120.00 < floor ₹150.0 and retry_count=2 ≥ 2,2026-08-26T15:45:39,2026-07-16T06:53:01,Recovery attempt skipped for Rahul Sharma (₹120.00) — amount below recovery cost threshold after multiple retries.,Rahul Sharma ji ka recovery attempt skip kiya gaya — amount ₹120.00 itna kam hai ki retry ki cost justify nahi hoti.
